Nombre,Contrasena
Daniel,Unicornio
Camilo,Prueba
Santiago,Sus
Daniel,Unicornio
Camilo,Prueba
Santiago,Sus
Daniel,Unicornio
Camilo,Prueba
Santiago,Sus
Daniel,Unicornio
Camilo,Prueba
Santiago,Sus
Daniel,Unicornio
Camilo,Prueba
Santiago,Sus
Daniel,Unicornio
Camilo,Prueba
Santiago,Sus
Daniel,Unicornio
Camilo,Prueba
Santiago,Sus
Daniel,Unicornio
Camilo,Prueba
Santiago,Sus
Daniel,Unicornio
Camilo,Prueba
Santiago,Sus
Daniel,Unicornio
Camilo,Prueba
Santiago,Sus
Daniel,Unicornio
Camilo,Prueba
Santiago,Sus
Daniel,Unicornio
Camilo,Prueba
Santiago,Sus
Daniel,Unicornio
Camilo,Prueba
Santiago,Sus
Daniel,Unicornio
Camilo,Prueba
Santiago,Sus
Daniel,Unicornio
Camilo,Prueba
Santiago,Sus
Daniel,Unicornio
Camilo,Prueba
Santiago,Sus
Daniel,Unicornio
Camilo,Prueba
Santiago,Sus
Daniel,Unicornio
Camilo,Prueba
Santiago,Sus
Daniel,Unicornio
Camilo,Prueba
Santiago,Sus
Daniel,Unicornio
Camilo,Prueba
Santiago,Sus
Daniel,Unicornio
Camilo,Prueba
Santiago,Sus
Daniel,Unicornio
Camilo,Prueba
Santiago,Sus
Daniel,Unicornio
Camilo,Prueba
Santiago,Sus
Daniel,Unicornio
Camilo,Prueba
Santiago,Sus
Daniel,Unicornio
Camilo,Prueba
Santiago,Sus
